Link Name,Center of Mass X,Center of Mass Y,Center of Mass Z,Center of Mass Roll,Center of Mass Pitch,Center of Mass Yaw,Mass,Moment Ixx,Moment Ixy,Moment Ixz,Moment Iyy,Moment Iyz,Moment Izz,Visual X,Visual Y,Visual Z,Visual Roll,Visual Pitch,Visual Yaw,Mesh Filename,Color Red,Color Green,Color Blue,Color Alpha,Collision X,Collision Y,Collision Z,Collision Roll,Collision Pitch,Collision Yaw,Mesh Filename,Material Name,SW Components,Coordinate System,Axis Name,Joint Name,Joint Type,Joint Origin X,Joint Origin Y,Joint Origin Z,Joint Origin Roll,Joint Origin Pitch,Joint Origin Yaw,Parent,Joint Axis X,Joint Axis Y,Joint Axis Z,Limit Effort,Limit Velocity,Limit Lower,Limit Upper,Calibration rising,Calibration falling,Dynamics Damping,Dynamics Friction,Safety Soft Upper,Safety Soft Lower,Safety K Position,Safety K Velocity
base_link,0.36502,0.098589,-0.14731,0,0,0,0.76049,0.0058317,2.2712E-05,-5.799E-05,0.004483,-2.8445E-07,0.0099036,0,0,0,0,0,0,package://LMBH521/meshes/base_link.STL,0.1,0.2,0.9,1,0,0,0,0,0,0,package://LMBH521/meshes/base_link.STL,,安装板_BOARD-1;编码器-5;5MM_BOARD-1;DREHKRANZ_B-1;NEMA23_ASM-1/VOLUMENK_X_F6RPER1-9908-1;NEMA23_ASM-1/VOLUMENK_X_F6RPER2-9909-1;NEMA23_ASM-1/VOLUMENK_X_F6RPER3-9910-1,Origin_global,,,,0,0,0,0,0,0,,0,0,0,,,,,,,,,,,,0
Link1,5.6664E-06,0.13665,-0.051764,0,0,0,2.611,0.0054807,6.4389E-06,3.9942E-06,0.0084216,-1.8695E-06,0.0070404,0,0,0,0,0,0,package://LMBH521/meshes/Link1.STL,0.1,0.2,0.9,1,0,0,0,0,0,0,package://LMBH521/meshes/Link1.STL,,皮带2-1-1;shoulder_16221600_1_16221600_vo-1;shoulder_nema24_1_nema24_volume-1;J2zhicheng-1;27-1;J2waigai111-1;零件10^TGR-BHSLDASM-1;24-1;J2waigai222-2;J1-6-1;DREHKRANZ-1;ROTBASE-1,坐标系1,基准轴1,joint1,revolute,0,0,0,0,0,0,base_link,0,0,1,20,1.6,-3.14,3.14,,,,,,,,0
Link2,0.10961,0.0011818,0.046165,0,0,0,1.3533,0.0012262,-8.8931E-06,1.2654E-05,0.00176,1.6266E-06,0.0023721,0,0,0,0,0,0,package://LMBH521/meshes/Link2.STL,0.1,0.2,0.9,1,0,0,0,0,0,0,package://LMBH521/meshes/Link2.STL,,11_1-1;10_1-1;14_1-1;13-111-1;J3编码器盖11-1;15-1-111-1;j3-111-1;12_1-1;皮带2-2-1,坐标系2,基准轴2,joint2,revolute,0,0,0,0,0,0,Link1,0,0,-1,40.2,1.6,-2.5,2.5,,,,,,,,0
Link3,-0.00032446,-0.0066734,-0.040728,0,0,0,0.46331,0.00033467,-1.6492E-05,-3.7134E-06,0.00047747,3.4419E-06,0.00072169,0,0,0,0,0,0,package://LMBH521/meshes/Link3.STL,0.1,0.2,0.9,1,0,0,0,0,0,0,package://LMBH521/meshes/Link3.STL,,E3_1-1;E4_1-1;NEMA17_48-1,坐标系3,基准轴3,joint3,revolute,0,0,0,0,0,0,Link2,0,0,1,20.7,1.6,-2.5,2.5,,,,,,,,0
Link4,-0.00646,0.00043659,0.058444,0,0,0,0.9255,0.00064254,-1.5847E-07,1.7938E-07,0.00062074,2.7497E-07,0.00036216,0,0,0,0,0,0,package://LMBH521/meshes/Link4.STL,0.1,0.2,0.9,1,0,0,0,0,0,0,package://LMBH521/meshes/Link4.STL,,wrist_r1_C-1;Nema17 48-1;wrist_r1_A-1;wrist_r1_B-1;Synchrone Riemenscheibe16-1;Synchrone Riemenscheibe21-1;Synchrone Riemenscheibe16-2;J5编码器外盖-1;J5编码器盖-1;J5HUAKUAI-1,坐标系4,基准轴4,joint4,revolute,0,0,0,0,0,0,Link3,0,0,1,12,1.6,-3.14,3.14,,,,,,,,0
Link5,-0.017709,0.0082874,0.0015222,0,0,0,0.37783,0.000242,-3.1292E-06,2.2249E-06,0.00027078,-4.451E-07,0.00030379,0,0,0,0,0,0,package://LMBH521/meshes/Link5.STL,0.1,0.2,0.9,1,0,0,0,0,0,0,package://LMBH521/meshes/Link5.STL,,Synchrone Riemenscheibe22-1;J6-1;J6-2-1;NEMA17_48-j6-1,坐标系5,基准轴5,joint5,revolute,0,0,0,0,0,0,Link4,0,0,-1,12,1.6,-2.5,2.5,,,,,,,,0
Link6,-1.4201E-10,4.9088E-09,0.021,0,0,0,0.0021112,3.1878E-07,4.7976E-22,2.0416E-15,3.1878E-07,-7.0569E-14,1.6889E-08,0,0,0,0,0,0,package://LMBH521/meshes/Link6.STL,0.79216,0.81961,0.93333,1,0,0,0,0,0,0,package://LMBH521/meshes/Link6.STL,,零件9^TGR-BHSLDASM-1,坐标系6,基准轴6,joint6,revolute,0,0,0,0,0,0,Link5,0,0,-1,10,1.6,-3.14,3.14,,,,,,,,0
